,layers,thresholds,learning rates,epochs,layer_n,epoch,train accuracy,validation accuracy
0,"[3072, 2, 2]","[2, 4]","[0.1, 0.5]","[3, 2]",1,1,0.16766667366027832,0.16519999504089355
1,"[3072, 2, 2]","[2, 4]","[0.1, 0.5]","[3, 2]",1,2,0.17059999704360962,0.16740000247955322
2,"[3072, 2, 2]","[2, 4]","[0.1, 0.5]","[3, 2]",1,3,0.15862222015857697,0.15839999914169312
3,"[3072, 2048, 2048]","[2, 1]","[0.03, 0.1]","[70, 30]",1,1,0.2749333381652832,0.272599995136261
4,"[3072, 2048, 2048]","[2, 1]","[0.03, 0.1]","[70, 30]",1,2,0.3297555446624756,0.32019999623298645
5,"[3072, 2048, 2048]","[2, 1]","[0.03, 0.1]","[70, 30]",1,3,0.3609555661678314,0.3465999960899353
6,"[3072, 2048, 2048]","[2, 1]","[0.03, 0.1]","[70, 30]",1,4,0.3861111104488373,0.37040001153945923
7,"[3072, 2048, 2048]","[2, 1]","[0.03, 0.1]","[70, 30]",1,5,0.4078666567802429,0.38679999113082886
8,"[3072, 2048, 2048]","[2, 1]","[0.03, 0.1]","[70, 30]",1,6,0.4102444350719452,0.3864000141620636
9,"[3072, 2048, 2048]","[2, 1]","[0.03, 0.1]","[70, 30]",1,7,0.4226444363594055,0.39980000257492065
10,"[3072, 2048, 2048]","[2, 1]","[0.03, 0.1]","[70, 30]",1,8,0.43308889865875244,0.40540000796318054
11,"[3072, 2048, 2048]","[2, 1]","[0.03, 0.1]","[70, 30]",1,9,0.42995554208755493,0.3962000012397766
12,"[3072, 2048, 2048]","[2, 1]","[0.03, 0.1]","[70, 30]",1,10,0.4359777867794037,0.4027999937534332
13,"[3072, 2048, 2048]","[2, 1]","[0.03, 0.1]","[70, 30]",1,11,0.4496888816356659,0.41519999504089355
14,"[3072, 2048, 2048]","[2, 1]","[0.03, 0.1]","[70, 30]",1,12,0.4590444564819336,0.42419999837875366
15,"[3072, 2048, 2048]","[2, 1]","[0.03, 0.1]","[70, 30]",1,13,0.46177777647972107,0.41780000925064087
16,"[3072, 2048, 2048]","[2, 1]","[0.03, 0.1]","[70, 30]",1,14,0.4640222191810608,0.4189999997615814
17,"[3072, 2048, 2048]","[2, 1]","[0.03, 0.1]","[70, 30]",1,15,0.4875999987125397,0.43779999017715454
18,"[3072, 2048, 2048]","[2, 1]","[0.03, 0.1]","[70, 30]",1,16,0.4746444523334503,0.4251999855041504
19,"[3072, 2048, 2048]","[2, 1]","[0.03, 0.1]","[70, 30]",1,17,0.47697776556015015,0.42660000920295715
20,"[3072, 2048, 2048]","[2, 1]","[0.03, 0.1]","[70, 30]",1,18,0.49453333020210266,0.44359999895095825
21,"[3072, 2048, 2048]","[2, 1]","[0.03, 0.1]","[70, 30]",1,19,0.4956444501876831,0.43959999084472656
22,"[3072, 2048, 2048]","[2, 1]","[0.03, 0.1]","[70, 30]",1,20,0.5045333504676819,0.44920000433921814
23,"[3072, 2048, 2048]","[2, 1]","[0.03, 0.1]","[70, 30]",1,21,0.5024666786193848,0.45159998536109924
24,"[3072, 2048, 2048]","[2, 1]","[0.03, 0.1]","[70, 30]",1,22,0.5147777795791626,0.4458000063896179
25,"[3072, 2048, 2048]","[2, 1]","[0.03, 0.1]","[70, 30]",1,23,0.522266685962677,0.4560000002384186
26,"[3072, 2048, 2048]","[2, 1]","[0.03, 0.1]","[70, 30]",1,24,0.526711106300354,0.4611999988555908
27,"[3072, 2048, 2048]","[2, 1]","[0.03, 0.1]","[70, 30]",1,25,0.5253111124038696,0.45660001039505005
28,"[3072, 2048, 2048]","[2, 1]","[0.03, 0.1]","[70, 30]",1,26,0.534600019454956,0.459199994802475
29,"[3072, 2048, 2048]","[2, 1]","[0.03, 0.1]","[70, 30]",1,27,0.5473555326461792,0.46540001034736633
30,"[3072, 2048, 2048]","[2, 1]","[0.03, 0.1]","[70, 30]",1,28,0.549822211265564,0.4666000008583069
31,"[3072, 2048, 2048]","[2, 1]","[0.03, 0.1]","[70, 30]",1,29,0.5371333360671997,0.4575999975204468
32,"[3072, 2048, 2048]","[2, 1]","[0.03, 0.1]","[70, 30]",1,30,0.5579333305358887,0.47440001368522644
33,"[3072, 2048, 2048]","[2, 1]","[0.03, 0.1]","[70, 30]",1,31,0.5552666783332825,0.4787999987602234
34,"[3072, 2048, 2048]","[2, 1]","[0.03, 0.1]","[70, 30]",1,32,0.5688889026641846,0.48100000619888306
35,"[3072, 2048, 2048]","[2, 1]","[0.03, 0.1]","[70, 30]",1,33,0.5696889162063599,0.47200000286102295
36,"[3072, 2048, 2048]","[2, 1]","[0.03, 0.1]","[70, 30]",1,34,0.570888876914978,0.4713999927043915
37,"[3072, 2048, 2048]","[2, 1]","[0.03, 0.1]","[70, 30]",1,35,0.5716888904571533,0.4731999933719635
38,"[3072, 2048, 2048]","[2, 1]","[0.03, 0.1]","[70, 30]",1,36,0.5772444605827332,0.46799999475479126
39,"[3072, 2048, 2048]","[2, 1]","[0.03, 0.1]","[70, 30]",1,37,0.5807111263275146,0.4763999879360199
40,"[3072, 2048, 2048]","[2, 1]","[0.03, 0.1]","[70, 30]",1,38,0.5820888876914978,0.47600001096725464
41,"[3072, 2048, 2048]","[2, 1]","[0.03, 0.1]","[70, 30]",1,39,0.5893333554267883,0.4867999851703644
42,"[3072, 2048, 2048]","[2, 1]","[0.03, 0.1]","[70, 30]",1,40,0.5959333181381226,0.4880000054836273
43,"[3072, 2048, 2048]","[2, 1]","[0.03, 0.1]","[70, 30]",1,41,0.6029555797576904,0.4887999892234802
44,"[3072, 2048, 2048]","[2, 1]","[0.03, 0.1]","[70, 30]",1,42,0.6067110896110535,0.48500001430511475
45,"[3072, 2048, 2048]","[2, 1]","[0.03, 0.1]","[70, 30]",1,43,0.611311137676239,0.48539999127388
46,"[3072, 2048, 2048]","[2, 1]","[0.03, 0.1]","[70, 30]",1,44,0.611822247505188,0.48579999804496765
47,"[3072, 2048, 2048]","[2, 1]","[0.03, 0.1]","[70, 30]",1,45,0.613777756690979,0.48559999465942383
48,"[3072, 2048, 2048]","[2, 1]","[0.03, 0.1]","[70, 30]",1,46,0.6218666434288025,0.48919999599456787
49,"[3072, 2048, 2048]","[2, 1]","[0.03, 0.1]","[70, 30]",1,47,0.6214666962623596,0.4862000048160553
50,"[3072, 2048, 2048]","[2, 1]","[0.03, 0.1]","[70, 30]",1,48,0.6246222257614136,0.4952000081539154
51,"[3072, 2048, 2048]","[2, 1]","[0.03, 0.1]","[70, 30]",1,49,0.6216222047805786,0.4896000027656555
52,"[3072, 2048, 2048]","[2, 1]","[0.03, 0.1]","[70, 30]",1,50,0.6373111009597778,0.4934000074863434
53,"[3072, 2048, 2048]","[2, 1]","[0.03, 0.1]","[70, 30]",1,51,0.6318444609642029,0.4821999967098236
54,"[3072, 2048, 2048]","[2, 1]","[0.03, 0.1]","[70, 30]",1,52,0.6371111273765564,0.4925999939441681
55,"[3072, 2048, 2048]","[2, 1]","[0.03, 0.1]","[70, 30]",1,53,0.6353111267089844,0.492000013589859
56,"[3072, 2048, 2048]","[2, 1]","[0.03, 0.1]","[70, 30]",1,54,0.6480222344398499,0.48840001225471497
57,"[3072, 2048, 2048]","[2, 1]","[0.03, 0.1]","[70, 30]",1,55,0.6460666656494141,0.4832000136375427
58,"[3072, 2048, 2048]","[2, 1]","[0.03, 0.1]","[70, 30]",1,56,0.6443777680397034,0.5019999742507935
59,"[3072, 2048, 2048]","[2, 1]","[0.03, 0.1]","[70, 30]",1,57,0.650688886642456,0.49140000343322754
60,"[3072, 2048, 2048]","[2, 1]","[0.03, 0.1]","[70, 30]",1,58,0.6600888967514038,0.49160000681877136
61,"[3072, 2048, 2048]","[2, 1]","[0.03, 0.1]","[70, 30]",1,59,0.6621333360671997,0.4860000014305115
62,"[3072, 2048, 2048]","[2, 1]","[0.03, 0.1]","[70, 30]",1,60,0.6576666831970215,0.49900001287460327
63,"[3072, 2048, 2048]","[2, 1]","[0.03, 0.1]","[70, 30]",1,61,0.659155547618866,0.4966000020503998
64,"[3072, 2048, 2048]","[2, 1]","[0.03, 0.1]","[70, 30]",1,62,0.6663777828216553,0.49239999055862427
65,"[3072, 2048, 2048]","[2, 1]","[0.03, 0.1]","[70, 30]",1,63,0.6772444248199463,0.48899999260902405
66,"[3072, 2048, 2048]","[2, 1]","[0.03, 0.1]","[70, 30]",1,64,0.6845999956130981,0.49779999256134033
67,"[3072, 2048, 2048]","[2, 1]","[0.03, 0.1]","[70, 30]",1,65,0.6819999814033508,0.49559998512268066
68,"[3072, 500, 300]","[3, 5]","[0.03, 0.05]","[70, 40]",1,1,0.23668888211250305,0.23659999668598175
69,"[3072, 500, 300]","[3, 5]","[0.03, 0.05]","[70, 40]",1,2,0.3305777907371521,0.3230000138282776
70,"[3072, 500, 300]","[3, 5]","[0.03, 0.05]","[70, 40]",1,3,0.3594222366809845,0.3483999967575073
71,"[3072, 500, 300]","[3, 5]","[0.03, 0.05]","[70, 40]",1,4,0.3834444582462311,0.36820000410079956
72,"[3072, 500, 300]","[3, 5]","[0.03, 0.05]","[70, 40]",1,5,0.39293333888053894,0.3837999999523163
73,"[3072, 500, 300]","[3, 5]","[0.03, 0.05]","[70, 40]",1,6,0.3986000120639801,0.37560001015663147
74,"[3072, 500, 300]","[3, 5]","[0.03, 0.05]","[70, 40]",1,7,0.40835556387901306,0.384799987077713
75,"[3072, 500, 300]","[3, 5]","[0.03, 0.05]","[70, 40]",1,8,0.4241555631160736,0.39800000190734863
76,"[3072, 500, 300]","[3, 5]","[0.03, 0.05]","[70, 40]",1,9,0.431244432926178,0.40959998965263367
77,"[3072, 500, 300]","[3, 5]","[0.03, 0.05]","[70, 40]",1,10,0.4427555501461029,0.4138000011444092
78,"[3072, 500, 300]","[3, 5]","[0.03, 0.05]","[70, 40]",1,11,0.4567111134529114,0.428600013256073
79,"[3072, 500, 300]","[3, 5]","[0.03, 0.05]","[70, 40]",1,12,0.45748889446258545,0.4277999997138977
80,"[3072, 500, 300]","[3, 5]","[0.03, 0.05]","[70, 40]",1,13,0.45713332295417786,0.4307999908924103
81,"[3072, 500, 300]","[3, 5]","[0.03, 0.05]","[70, 40]",1,14,0.46711111068725586,0.4300000071525574
82,"[3072, 500, 300]","[3, 5]","[0.03, 0.05]","[70, 40]",1,15,0.46915555000305176,0.43299999833106995
83,"[3072, 500, 300]","[3, 5]","[0.03, 0.05]","[70, 40]",1,16,0.4828222095966339,0.4422000050544739
84,"[3072, 500, 300]","[3, 5]","[0.03, 0.05]","[70, 40]",1,17,0.48126667737960815,0.43700000643730164
85,"[3072, 500, 300]","[3, 5]","[0.03, 0.05]","[70, 40]",1,18,0.47955554723739624,0.43939998745918274
86,"[3072, 500, 300]","[3, 5]","[0.03, 0.05]","[70, 40]",1,19,0.4941999912261963,0.4487999975681305
87,"[3072, 500, 300]","[3, 5]","[0.03, 0.05]","[70, 40]",1,20,0.4960888922214508,0.44339999556541443
88,"[3072, 500, 300]","[3, 5]","[0.03, 0.05]","[70, 40]",1,21,0.5042222142219543,0.44859999418258667
89,"[3072, 500, 300]","[3, 5]","[0.03, 0.05]","[70, 40]",1,22,0.5027333498001099,0.44699999690055847
90,"[3072, 500, 300]","[3, 5]","[0.03, 0.05]","[70, 40]",1,23,0.5075777769088745,0.44999998807907104
91,"[3072, 500, 300]","[3, 5]","[0.03, 0.05]","[70, 40]",1,24,0.512666642665863,0.4537999927997589
92,"[3072, 500, 300]","[3, 5]","[0.03, 0.05]","[70, 40]",1,25,0.5076666474342346,0.45260000228881836
93,"[3072, 500, 300]","[3, 5]","[0.03, 0.05]","[70, 40]",1,26,0.5268444418907166,0.4618000090122223
94,"[3072, 500, 300]","[3, 5]","[0.03, 0.05]","[70, 40]",1,27,0.534333348274231,0.46799999475479126
95,"[3072, 500, 300]","[3, 5]","[0.03, 0.05]","[70, 40]",1,28,0.527222216129303,0.45680001378059387
96,"[3072, 500, 300]","[3, 5]","[0.03, 0.05]","[70, 40]",1,29,0.538444459438324,0.4641999900341034
97,"[3072, 500, 300]","[3, 5]","[0.03, 0.05]","[70, 40]",1,30,0.5489110946655273,0.4758000075817108
98,"[3072, 500, 300]","[3, 5]","[0.03, 0.05]","[70, 40]",1,31,0.5424888730049133,0.46720001101493835
99,"[3072, 500, 300]","[3, 5]","[0.03, 0.05]","[70, 40]",1,32,0.5471333265304565,0.4675999879837036
100,"[3072, 500, 300]","[3, 5]","[0.03, 0.05]","[70, 40]",1,33,0.5481111407279968,0.4674000144004822
101,"[3072, 500, 300]","[3, 5]","[0.03, 0.05]","[70, 40]",1,34,0.5559555292129517,0.47839999198913574
102,"[3072, 500, 300]","[3, 5]","[0.03, 0.05]","[70, 40]",1,35,0.5678889155387878,0.46639999747276306
103,"[3072, 500, 300]","[3, 5]","[0.03, 0.05]","[70, 40]",1,36,0.5585333108901978,0.47699999809265137
104,"[3072, 500, 300]","[3, 5]","[0.03, 0.05]","[70, 40]",1,37,0.5696444511413574,0.475600004196167
105,"[3072, 500, 300]","[3, 5]","[0.03, 0.05]","[70, 40]",1,38,0.5730222463607788,0.4733999967575073
106,"[3072, 500, 300]","[3, 5]","[0.03, 0.05]","[70, 40]",1,39,0.5717333555221558,0.4691999852657318
107,"[3072, 500, 300]","[3, 5]","[0.03, 0.05]","[70, 40]",1,40,0.5750222206115723,0.47679999470710754
108,"[3072, 500, 300]","[3, 5]","[0.03, 0.05]","[70, 40]",1,41,0.5759333372116089,0.4740000069141388
109,"[3072, 500, 300]","[3, 5]","[0.03, 0.05]","[70, 40]",1,42,0.5866888761520386,0.47600001096725464
110,"[3072, 500, 300]","[3, 5]","[0.03, 0.05]","[70, 40]",1,43,0.5825777649879456,0.47999998927116394
111,"[3072, 500, 300]","[3, 5]","[0.03, 0.05]","[70, 40]",1,44,0.5860000252723694,0.4797999858856201
112,"[3072, 500, 300]","[3, 5]","[0.03, 0.05]","[70, 40]",1,45,0.5949110984802246,0.4851999878883362
113,"[3072, 500, 300]","[3, 5]","[0.03, 0.05]","[70, 40]",1,46,0.5930888652801514,0.47620001435279846
114,"[3072, 500, 300]","[3, 5]","[0.03, 0.05]","[70, 40]",1,47,0.6083555817604065,0.48019999265670776
115,"[3072, 500, 300]","[3, 5]","[0.03, 0.05]","[70, 40]",1,48,0.6000444293022156,0.4867999851703644
116,"[3072, 500, 300]","[3, 5]","[0.03, 0.05]","[70, 40]",1,49,0.6107777953147888,0.4878000020980835
117,"[3072, 500, 300]","[3, 5]","[0.03, 0.05]","[70, 40]",1,50,0.6169111132621765,0.4875999987125397
118,"[3072, 500, 300]","[3, 5]","[0.03, 0.05]","[70, 40]",1,51,0.6164888739585876,0.48260000348091125
119,"[3072, 500, 300]","[3, 5]","[0.03, 0.05]","[70, 40]",1,52,0.6124444603919983,0.4779999852180481
120,"[3072, 500, 300]","[3, 5]","[0.03, 0.05]","[70, 40]",1,53,0.6233111023902893,0.4814000129699707
121,"[3072, 500, 300]","[3, 5]","[0.03, 0.05]","[70, 40]",1,54,0.628600001335144,0.48980000615119934
122,"[3072, 500, 300]","[3, 5]","[0.03, 0.05]","[70, 40]",1,55,0.6226444244384766,0.48559999465942383
123,"[3072, 500, 300]","[3, 5]","[0.03, 0.05]","[70, 40]",1,56,0.6260444521903992,0.4805999994277954
124,"[3072, 500, 300]","[3, 5]","[0.03, 0.05]","[70, 40]",1,57,0.6336888670921326,0.4918000102043152
125,"[3072, 500, 300]","[3, 5]","[0.03, 0.05]","[70, 40]",1,58,0.6289777755737305,0.4821999967098236
126,"[3072, 500, 300]","[3, 5]","[0.03, 0.05]","[70, 40]",1,59,0.6258888840675354,0.48420000076293945
127,"[3072, 500, 300]","[3, 5]","[0.03, 0.05]","[70, 40]",1,60,0.6441555619239807,0.483599990606308
128,"[3072, 500, 300]","[3, 5]","[0.03, 0.05]","[70, 40]",1,61,0.640666663646698,0.4869999885559082
129,"[3072, 500, 300]","[3, 5]","[0.03, 0.05]","[70, 40]",1,62,0.646399974822998,0.49380001425743103
130,"[3072, 500, 300]","[3, 5]","[0.03, 0.05]","[70, 40]",1,63,0.6405555605888367,0.4903999865055084
131,"[3072, 500, 300]","[3, 5]","[0.03, 0.05]","[70, 40]",1,64,0.6429111361503601,0.4893999993801117
132,"[3072, 500, 300]","[3, 5]","[0.03, 0.05]","[70, 40]",1,65,0.6515111327171326,0.48919999599456787
133,"[3072, 500, 300]","[3, 5]","[0.03, 0.05]","[70, 40]",1,66,0.6514444351196289,0.49219998717308044
134,"[3072, 1000, 800]","[3, 8]","[0.03, 0.08]","[70, 35]",1,1,0.23864445090293884,0.24199999868869781
135,"[3072, 1000, 800]","[3, 8]","[0.03, 0.08]","[70, 35]",1,2,0.32784444093704224,0.3179999887943268
136,"[3072, 1000, 800]","[3, 8]","[0.03, 0.08]","[70, 35]",1,3,0.35937777161598206,0.3440000116825104
137,"[3072, 1000, 800]","[3, 8]","[0.03, 0.08]","[70, 35]",1,4,0.38093334436416626,0.36320000886917114
138,"[3072, 1000, 800]","[3, 8]","[0.03, 0.08]","[70, 35]",1,5,0.39151111245155334,0.3822000026702881
139,"[3072, 1000, 800]","[3, 8]","[0.03, 0.08]","[70, 35]",1,6,0.3926222324371338,0.3723999857902527
140,"[3072, 1000, 800]","[3, 8]","[0.03, 0.08]","[70, 35]",1,7,0.425555557012558,0.40459999442100525
141,"[3072, 1000, 800]","[3, 8]","[0.03, 0.08]","[70, 35]",1,8,0.4210444390773773,0.39879998564720154
142,"[3072, 1000, 800]","[3, 8]","[0.03, 0.08]","[70, 35]",1,9,0.42571112513542175,0.4027999937534332
143,"[3072, 1000, 800]","[3, 8]","[0.03, 0.08]","[70, 35]",1,10,0.4453999996185303,0.41679999232292175
144,"[3072, 1000, 800]","[3, 8]","[0.03, 0.08]","[70, 35]",1,11,0.442288875579834,0.4047999978065491
145,"[3072, 1000, 800]","[3, 8]","[0.03, 0.08]","[70, 35]",1,12,0.4449555575847626,0.4124000072479248
146,"[3072, 1000, 800]","[3, 8]","[0.03, 0.08]","[70, 35]",1,13,0.4692666530609131,0.42800000309944153
147,"[3072, 1000, 800]","[3, 8]","[0.03, 0.08]","[70, 35]",1,14,0.4676666557788849,0.4341999888420105
148,"[3072, 1000, 800]","[3, 8]","[0.03, 0.08]","[70, 35]",1,15,0.4691111147403717,0.4230000078678131
149,"[3072, 1000, 800]","[3, 8]","[0.03, 0.08]","[70, 35]",1,16,0.4781111180782318,0.4339999854564667
150,"[3072, 1000, 800]","[3, 8]","[0.03, 0.08]","[70, 35]",1,17,0.4867333471775055,0.43639999628067017
151,"[3072, 1000, 800]","[3, 8]","[0.03, 0.08]","[70, 35]",1,18,0.4891333281993866,0.43799999356269836
152,"[3072, 1000, 800]","[3, 8]","[0.03, 0.08]","[70, 35]",1,19,0.5026222467422485,0.44859999418258667
153,"[3072, 1000, 800]","[3, 8]","[0.03, 0.08]","[70, 35]",1,20,0.5058000087738037,0.45239999890327454
154,"[3072, 1000, 800]","[3, 8]","[0.03, 0.08]","[70, 35]",1,21,0.5103777647018433,0.45579999685287476
155,"[3072, 1000, 800]","[3, 8]","[0.03, 0.08]","[70, 35]",1,22,0.5209110975265503,0.4514000117778778
156,"[3072, 1000, 800]","[3, 8]","[0.03, 0.08]","[70, 35]",1,23,0.5180222392082214,0.45879998803138733
157,"[3072, 1000, 800]","[3, 8]","[0.03, 0.08]","[70, 35]",1,24,0.5219333171844482,0.4562000036239624
158,"[3072, 1000, 800]","[3, 8]","[0.03, 0.08]","[70, 35]",1,25,0.5217333436012268,0.46160000562667847
159,"[3072, 1000, 800]","[3, 8]","[0.03, 0.08]","[70, 35]",1,26,0.5288000106811523,0.46000000834465027
160,"[3072, 1000, 800]","[3, 8]","[0.03, 0.08]","[70, 35]",1,27,0.5351555347442627,0.46239998936653137
161,"[3072, 1000, 800]","[3, 8]","[0.03, 0.08]","[70, 35]",1,28,0.5390444397926331,0.47380000352859497
162,"[3072, 1000, 800]","[3, 8]","[0.03, 0.08]","[70, 35]",1,29,0.5447999835014343,0.46720001101493835
163,"[3072, 1000, 800]","[3, 8]","[0.03, 0.08]","[70, 35]",1,30,0.5509333610534668,0.4697999954223633
164,"[3072, 1000, 800]","[3, 8]","[0.03, 0.08]","[70, 35]",1,31,0.551622211933136,0.46860000491142273
165,"[3072, 1000, 800]","[3, 8]","[0.03, 0.08]","[70, 35]",1,32,0.5566222071647644,0.46560001373291016
166,"[3072, 1000, 800]","[3, 8]","[0.03, 0.08]","[70, 35]",1,33,0.5539110898971558,0.4699999988079071
167,"[3072, 1000, 800]","[3, 8]","[0.03, 0.08]","[70, 35]",1,34,0.5616222023963928,0.4781999886035919
168,"[3072, 1000, 800]","[3, 8]","[0.03, 0.08]","[70, 35]",1,35,0.5683333277702332,0.4745999872684479
169,"[3072, 1000, 800]","[3, 8]","[0.03, 0.08]","[70, 35]",1,36,0.5716888904571533,0.4765999913215637
170,"[3072, 1000, 800]","[3, 8]","[0.03, 0.08]","[70, 35]",1,37,0.572422206401825,0.4814000129699707
171,"[3072, 1000, 800]","[3, 8]","[0.03, 0.08]","[70, 35]",1,38,0.5797333121299744,0.48260000348091125
172,"[3072, 1000, 800]","[3, 8]","[0.03, 0.08]","[70, 35]",1,39,0.5826888680458069,0.4797999858856201
173,"[3072, 1000, 800]","[3, 8]","[0.03, 0.08]","[70, 35]",1,40,0.5833333134651184,0.47699999809265137
174,"[3072, 1000, 800]","[3, 8]","[0.03, 0.08]","[70, 35]",1,41,0.5933333039283752,0.48159998655319214
175,"[3072, 1000, 800]","[3, 8]","[0.03, 0.08]","[70, 35]",1,42,0.5878444314002991,0.4830000102519989
176,"[3072, 1000, 800]","[3, 8]","[0.03, 0.08]","[70, 35]",1,43,0.5957333445549011,0.487199991941452
177,"[3072, 1000, 800]","[3, 8]","[0.03, 0.08]","[70, 35]",1,44,0.6051555275917053,0.4887999892234802
178,"[3072, 1000, 800]","[3, 8]","[0.03, 0.08]","[70, 35]",1,45,0.5983111262321472,0.4875999987125397
179,"[3072, 1000, 800]","[3, 8]","[0.03, 0.08]","[70, 35]",1,46,0.6057555675506592,0.4943999946117401
180,"[3072, 1000, 800]","[3, 8]","[0.03, 0.08]","[70, 35]",1,47,0.6102889180183411,0.49079999327659607
181,"[3072, 1000, 800]","[3, 8]","[0.03, 0.08]","[70, 35]",1,48,0.6091777682304382,0.49239999055862427
182,"[3072, 1000, 800]","[3, 8]","[0.03, 0.08]","[70, 35]",1,49,0.6197333335876465,0.4934000074863434
183,"[3072, 1000, 800]","[3, 8]","[0.03, 0.08]","[70, 35]",1,50,0.6248000264167786,0.49559998512268066
184,"[3072, 1000, 800]","[3, 8]","[0.03, 0.08]","[70, 35]",1,51,0.622355580329895,0.4957999885082245
185,"[3072, 1000, 800]","[3, 8]","[0.03, 0.08]","[70, 35]",1,52,0.6293777823448181,0.5004000067710876
186,"[3072, 1000, 800]","[3, 8]","[0.03, 0.08]","[70, 35]",1,53,0.6349777579307556,0.5013999938964844
187,"[3072, 1000, 800]","[3, 8]","[0.03, 0.08]","[70, 35]",1,54,0.6309555768966675,0.49459999799728394
188,"[3072, 1000, 800]","[3, 8]","[0.03, 0.08]","[70, 35]",1,55,0.6291333436965942,0.5026000142097473
189,"[3072, 1000, 800]","[3, 8]","[0.03, 0.08]","[70, 35]",1,56,0.6380666494369507,0.49779999256134033
190,"[3072, 1000, 800]","[3, 8]","[0.03, 0.08]","[70, 35]",1,57,0.6477110981941223,0.49939998984336853
191,"[3072, 1000, 800]","[3, 8]","[0.03, 0.08]","[70, 35]",1,58,0.6468222141265869,0.5059999823570251
192,"[3072, 1000, 800]","[3, 8]","[0.03, 0.08]","[70, 35]",1,59,0.6486666798591614,0.5023999810218811
193,"[3072, 1000, 800]","[3, 8]","[0.03, 0.08]","[70, 35]",1,60,0.6535999774932861,0.4970000088214874
194,"[3072, 1000, 800]","[3, 8]","[0.03, 0.08]","[70, 35]",1,61,0.6500222086906433,0.4984000027179718
195,"[3072, 1000, 800]","[3, 8]","[0.03, 0.08]","[70, 35]",1,62,0.6600444316864014,0.5041999816894531
196,"[3072, 1000, 800]","[3, 8]","[0.03, 0.08]","[70, 35]",1,63,0.6631110906600952,0.5027999877929688
197,"[3072, 1000, 800]","[3, 8]","[0.03, 0.08]","[70, 35]",1,64,0.6654666662216187,0.4966000020503998
198,"[3072, 1000, 800]","[3, 8]","[0.03, 0.08]","[70, 35]",1,65,0.6606888771057129,0.4952000081539154
199,"[3072, 100, 500]","[1, 1]","[0.1, 0.1]","[40, 30]",1,1,0.3256666660308838,0.32260000705718994
200,"[3072, 100, 500]","[1, 1]","[0.1, 0.1]","[40, 30]",1,2,0.3269111216068268,0.2996000051498413
201,"[3072, 100, 500]","[1, 1]","[0.1, 0.1]","[40, 30]",1,3,0.35482221841812134,0.34360000491142273
202,"[3072, 100, 500]","[1, 1]","[0.1, 0.1]","[40, 30]",1,4,0.3587111234664917,0.3492000102996826
203,"[3072, 100, 500]","[1, 1]","[0.1, 0.1]","[40, 30]",1,5,0.3553999960422516,0.33000001311302185
204,"[3072, 100, 500]","[1, 1]","[0.1, 0.1]","[40, 30]",1,6,0.36248889565467834,0.3287999927997589
205,"[3072, 100, 500]","[1, 1]","[0.1, 0.1]","[40, 30]",1,7,0.37700000405311584,0.3361999988555908
206,"[3072, 100, 500]","[1, 1]","[0.1, 0.1]","[40, 30]",1,8,0.35046666860580444,0.32739999890327454
207,"[3072, 100, 500]","[1, 1]","[0.1, 0.1]","[40, 30]",1,9,0.36855554580688477,0.3346000015735626
208,"[3072, 100, 500]","[1, 1]","[0.1, 0.1]","[40, 30]",1,10,0.37877777218818665,0.34139999747276306
209,"[3072, 100, 500]","[1, 1]","[0.1, 0.1]","[40, 30]",1,11,0.3765999972820282,0.3319999873638153
210,"[3072, 100, 500]","[1, 1]","[0.1, 0.1]","[40, 30]",1,12,0.37353333830833435,0.3467999994754791
211,"[3072, 100, 500]","[1, 1]","[0.1, 0.1]","[40, 30]",1,13,0.37682223320007324,0.35359999537467957
212,"[3072, 100, 500]","[1, 1]","[0.1, 0.1]","[40, 30]",1,14,0.39782223105430603,0.34220001101493835
213,"[3072, 100, 500]","[1, 1]","[0.1, 0.1]","[40, 30]",1,15,0.3757777810096741,0.33820000290870667
214,"[3072, 100, 500]","[1, 1]","[0.1, 0.1]","[40, 30]",1,16,0.37228888273239136,0.36039999127388
215,"[3072, 100, 500]","[1, 1]","[0.1, 0.1]","[40, 30]",1,17,0.3878222107887268,0.32100000977516174
216,"[3072, 100, 500]","[1, 1]","[0.1, 0.1]","[40, 30]",1,18,0.3632666766643524,0.33320000767707825
217,"[3072, 100, 500]","[1, 1]","[0.1, 0.1]","[40, 30]",1,19,0.3839111030101776,0.3546000123023987
218,"[3072, 100, 500]","[1, 1]","[0.1, 0.1]","[40, 30]",1,20,0.37835556268692017,0.35600000619888306
219,"[3072, 100, 500]","[1, 1]","[0.1, 0.1]","[40, 30]",1,21,0.39082223176956177,0.3571999967098236
220,"[3072, 100, 500]","[1, 1]","[0.1, 0.1]","[40, 30]",1,22,0.40317776799201965,0.35120001435279846
221,"[3072, 100, 500]","[1, 1]","[0.1, 0.1]","[40, 30]",1,23,0.3981333374977112,0.3637999892234802
222,"[3072, 100, 500]","[1, 1]","[0.1, 0.1]","[40, 30]",1,24,0.39702221751213074,0.34299999475479126
223,"[3072, 100, 500]","[1, 1]","[0.1, 0.1]","[40, 30]",1,25,0.4054222106933594,0.33660000562667847
224,"[3072, 100, 500]","[1, 1]","[0.1, 0.1]","[40, 30]",1,26,0.3886888921260834,0.33239999413490295
225,"[3072, 100, 500]","[1, 1]","[0.1, 0.1]","[40, 30]",1,27,0.3926222324371338,0.36500000953674316
226,"[3072, 100, 500]","[1, 1]","[0.1, 0.1]","[40, 30]",1,28,0.40533334016799927,0.35679998993873596
227,"[3072, 100, 500]","[1, 1]","[0.1, 0.1]","[40, 30]",1,29,0.38775554299354553,0.3312000036239624
228,"[3072, 100, 500]","[1, 1]","[0.1, 0.1]","[40, 30]",1,30,0.4130222201347351,0.36640000343322754
229,"[3072, 100, 500]","[1, 1]","[0.1, 0.1]","[40, 30]",1,31,0.41102221608161926,0.3617999851703644
230,"[3072, 100, 500]","[1, 1]","[0.1, 0.1]","[40, 30]",1,32,0.3911333382129669,0.358599990606308
231,"[3072, 100, 500]","[1, 1]","[0.1, 0.1]","[40, 30]",1,33,0.4137111008167267,0.37119999527931213
232,"[3072, 100, 500]","[1, 1]","[0.1, 0.1]","[40, 30]",1,34,0.4111555516719818,0.3416000008583069
233,"[3072, 100, 500]","[1, 1]","[0.1, 0.1]","[40, 30]",1,35,0.40637779235839844,0.3653999865055084
234,"[3072, 100, 500]","[1, 1]","[0.1, 0.1]","[40, 30]",1,36,0.42117777466773987,0.3402000069618225
235,"[3072, 500, 100, 10]","[1, 0.5, 0.1]","[0.1, 0.05, 0.1]","[50, 50, 30]",1,1,0.3347555696964264,0.32839998602867126
236,"[3072, 500, 100, 10]","[1, 0.5, 0.1]","[0.1, 0.05, 0.1]","[50, 50, 30]",1,2,0.37051111459732056,0.3537999987602234
237,"[3072, 500, 100, 10]","[1, 0.5, 0.1]","[0.1, 0.05, 0.1]","[50, 50, 30]",1,3,0.3970000147819519,0.376800000667572
238,"[3072, 500, 100, 10]","[1, 0.5, 0.1]","[0.1, 0.05, 0.1]","[50, 50, 30]",1,4,0.42435556650161743,0.39800000190734863
239,"[3072, 500, 100, 10]","[1, 0.5, 0.1]","[0.1, 0.05, 0.1]","[50, 50, 30]",1,5,0.41226667165756226,0.37599998712539673
240,"[3072, 500, 100, 10]","[1, 0.5, 0.1]","[0.1, 0.05, 0.1]","[50, 50, 30]",1,6,0.43142223358154297,0.39660000801086426
241,"[3072, 500, 100, 10]","[1, 0.5, 0.1]","[0.1, 0.05, 0.1]","[50, 50, 30]",1,7,0.44128888845443726,0.4000000059604645
242,"[3072, 500, 100, 10]","[1, 0.5, 0.1]","[0.1, 0.05, 0.1]","[50, 50, 30]",1,8,0.4524666666984558,0.41100001335144043
243,"[3072, 500, 100, 10]","[1, 0.5, 0.1]","[0.1, 0.05, 0.1]","[50, 50, 30]",1,9,0.44964444637298584,0.4043999910354614
244,"[3072, 500, 100, 10]","[1, 0.5, 0.1]","[0.1, 0.05, 0.1]","[50, 50, 30]",1,10,0.4688222110271454,0.41839998960494995
245,"[3072, 500, 100, 10]","[1, 0.5, 0.1]","[0.1, 0.05, 0.1]","[50, 50, 30]",1,11,0.4550222158432007,0.4050000011920929
246,"[3072, 500, 100, 10]","[1, 0.5, 0.1]","[0.1, 0.05, 0.1]","[50, 50, 30]",1,12,0.4651777744293213,0.41119998693466187
247,"[3072, 500, 100, 10]","[1, 0.5, 0.1]","[0.1, 0.05, 0.1]","[50, 50, 30]",1,13,0.46320000290870667,0.4034000039100647
248,"[3072, 500, 100, 10]","[1, 0.5, 0.1]","[0.1, 0.05, 0.1]","[50, 50, 30]",1,14,0.4871111214160919,0.4235999882221222
249,"[3072, 500, 100, 10]","[1, 0.5, 0.1]","[0.1, 0.05, 0.1]","[50, 50, 30]",1,15,0.49079999327659607,0.41940000653266907
250,"[3072, 500, 100, 10]","[1, 0.5, 0.1]","[0.1, 0.05, 0.1]","[50, 50, 30]",1,16,0.5015555620193481,0.42879998683929443
251,"[3072, 500, 100, 10]","[1, 0.5, 0.1]","[0.1, 0.05, 0.1]","[50, 50, 30]",1,17,0.500511109828949,0.4318000078201294
252,"[3072, 500, 100, 10]","[1, 0.5, 0.1]","[0.1, 0.05, 0.1]","[50, 50, 30]",1,18,0.5062222480773926,0.4309999942779541
253,"[3072, 500, 100, 10]","[1, 0.5, 0.1]","[0.1, 0.05, 0.1]","[50, 50, 30]",1,19,0.501800000667572,0.4212000072002411
254,"[3072, 500, 100, 10]","[1, 0.5, 0.1]","[0.1, 0.05, 0.1]","[50, 50, 30]",1,20,0.5104222297668457,0.4327999949455261
255,"[3072, 500, 100, 10]","[1, 0.5, 0.1]","[0.1, 0.05, 0.1]","[50, 50, 30]",1,21,0.5083333253860474,0.43140000104904175
256,"[3072, 500, 100, 10]","[1, 0.5, 0.1]","[0.1, 0.05, 0.1]","[50, 50, 30]",1,22,0.5215333104133606,0.4357999861240387
257,"[3072, 500, 100, 10]","[1, 0.5, 0.1]","[0.1, 0.05, 0.1]","[50, 50, 30]",1,23,0.5234888792037964,0.4300000071525574
258,"[3072, 500, 100, 10]","[1, 0.5, 0.1]","[0.1, 0.05, 0.1]","[50, 50, 30]",1,24,0.5216666460037231,0.4284000098705292
259,"[3072, 500, 100, 10]","[1, 0.5, 0.1]","[0.1, 0.05, 0.1]","[50, 50, 30]",1,25,0.5171777606010437,0.42820000648498535
260,"[3072, 500, 100, 10]","[1, 0.5, 0.1]","[0.1, 0.05, 0.1]","[50, 50, 30]",1,26,0.5263333320617676,0.4368000030517578
261,"[3072, 500, 100, 10]","[1, 0.5, 0.1]","[0.1, 0.05, 0.1]","[50, 50, 30]",1,27,0.5417333245277405,0.41760000586509705
262,"[3072, 500, 100, 10]","[1, 0.5, 0.1]","[0.1, 0.05, 0.1]","[50, 50, 30]",1,28,0.5253999829292297,0.43799999356269836
263,"[3072, 500, 100, 10]","[1, 0.5, 0.1]","[0.1, 0.05, 0.1]","[50, 50, 30]",1,29,0.5511333346366882,0.4341999888420105
264,"[3072, 500, 100, 10]","[1, 0.5, 0.1]","[0.1, 0.05, 0.1]","[50, 50, 30]",1,30,0.543666660785675,0.42500001192092896
265,"[3072, 500, 100, 10]","[1, 0.5, 0.1]","[0.1, 0.05, 0.1]","[50, 50, 30]",1,31,0.5399333238601685,0.43479999899864197
266,"[3072, 500, 100, 10]","[1, 0.5, 0.1]","[0.1, 0.05, 0.1]","[50, 50, 30]",1,32,0.5479333400726318,0.4374000132083893
267,"[3072, 500, 100, 10]","[1, 0.5, 0.1]","[0.1, 0.05, 0.1]","[50, 50, 30]",1,33,0.5579110980033875,0.43059998750686646
268,"[3072, 500, 100, 10]","[1, 0.5, 0.1]","[0.1, 0.05, 0.1]","[50, 50, 30]",1,34,0.5532000064849854,0.4424000084400177
269,"[3072, 500, 100, 10]","[1, 0.5, 0.1]","[0.1, 0.05, 0.1]","[50, 50, 30]",1,35,0.5607777833938599,0.43619999289512634
270,"[3072, 500, 100, 10]","[1, 0.5, 0.1]","[0.1, 0.05, 0.1]","[50, 50, 30]",1,36,0.5605555772781372,0.4302000105381012
271,"[3072, 500, 100, 10]","[1, 0.5, 0.1]","[0.1, 0.05, 0.1]","[50, 50, 30]",1,37,0.5663777589797974,0.4447999894618988
272,"[3072, 500, 100, 10]","[1, 0.5, 0.1]","[0.1, 0.05, 0.1]","[50, 50, 30]",1,38,0.5657111406326294,0.4275999963283539
273,"[3072, 500, 100, 10]","[1, 0.5, 0.1]","[0.1, 0.05, 0.1]","[50, 50, 30]",1,39,0.5688666701316833,0.430400013923645
274,"[3072, 500, 100, 10]","[1, 0.5, 0.1]","[0.1, 0.05, 0.1]","[50, 50, 30]",1,40,0.5758888721466064,0.44200000166893005
275,"[3072, 500, 100, 10]","[1, 0.5, 0.1]","[0.1, 0.05, 0.1]","[50, 50, 30]",1,41,0.5687333345413208,0.43720000982284546
276,"[3072, 500, 100, 10]","[1, 0.5, 0.1]","[0.1, 0.05, 0.1]","[50, 50, 30]",1,42,0.5815555453300476,0.43779999017715454
277,"[3072, 500, 100, 10]","[1, 0.5, 0.1]","[0.1, 0.05, 0.1]","[50, 50, 30]",1,43,0.5765777826309204,0.4307999908924103
278,"[3072, 500, 100, 10]","[1, 0.5, 0.1]","[0.1, 0.05, 0.1]","[50, 50, 30]",1,44,0.579288899898529,0.4390000104904175
279,"[3072, 500, 100, 10]","[1, 0.5, 0.1]","[0.1, 0.05, 0.1]","[50, 50, 30]",1,45,0.5915777683258057,0.43880000710487366
280,"[3072, 1500, 600]","[4, 0.1]","[0.03, 0.05]","[60, 60]",1,1,0.3376888930797577,0.3303999900817871
281,"[3072, 1500, 600]","[4, 0.1]","[0.03, 0.05]","[60, 60]",1,2,0.37442222237586975,0.3637999892234802
282,"[3072, 1500, 600]","[4, 0.1]","[0.03, 0.05]","[60, 60]",1,3,0.3952000141143799,0.3797999918460846
283,"[3072, 1500, 600]","[4, 0.1]","[0.03, 0.05]","[60, 60]",1,4,0.40826666355133057,0.38960000872612
284,"[3072, 1500, 600]","[4, 0.1]","[0.03, 0.05]","[60, 60]",1,5,0.41955554485321045,0.3952000141143799
285,"[3072, 1500, 600]","[4, 0.1]","[0.03, 0.05]","[60, 60]",1,6,0.4274444580078125,0.39879998564720154
286,"[3072, 1500, 600]","[4, 0.1]","[0.03, 0.05]","[60, 60]",1,7,0.4440000057220459,0.4092000126838684
287,"[3072, 1500, 600]","[4, 0.1]","[0.03, 0.05]","[60, 60]",1,8,0.46077778935432434,0.42260000109672546
288,"[3072, 1500, 600]","[4, 0.1]","[0.03, 0.05]","[60, 60]",1,9,0.4671555459499359,0.4275999963283539
289,"[3072, 1500, 600]","[4, 0.1]","[0.03, 0.05]","[60, 60]",1,10,0.4829777777194977,0.4415999948978424
290,"[3072, 1500, 600]","[4, 0.1]","[0.03, 0.05]","[60, 60]",1,11,0.4815777838230133,0.43140000104904175
291,"[3072, 1500, 600]","[4, 0.1]","[0.03, 0.05]","[60, 60]",1,12,0.49228888750076294,0.4422000050544739
292,"[3072, 1500, 600]","[4, 0.1]","[0.03, 0.05]","[60, 60]",1,13,0.4820444583892822,0.4253999888896942
293,"[3072, 1500, 600]","[4, 0.1]","[0.03, 0.05]","[60, 60]",1,14,0.5084444284439087,0.45100000500679016
294,"[3072, 1500, 600]","[4, 0.1]","[0.03, 0.05]","[60, 60]",1,15,0.5091999769210815,0.4496000111103058
295,"[3072, 1500, 600]","[4, 0.1]","[0.03, 0.05]","[60, 60]",1,16,0.5130888819694519,0.44519999623298645
296,"[3072, 1500, 600]","[4, 0.1]","[0.03, 0.05]","[60, 60]",1,17,0.515488862991333,0.451200008392334
297,"[3072, 1500, 600]","[4, 0.1]","[0.03, 0.05]","[60, 60]",1,18,0.5218444466590881,0.4602000117301941
298,"[3072, 1500, 600]","[4, 0.1]","[0.03, 0.05]","[60, 60]",1,19,0.5251333117485046,0.44339999556541443
299,"[3072, 1500, 600]","[4, 0.1]","[0.03, 0.05]","[60, 60]",1,20,0.5332666635513306,0.4564000070095062
300,"[3072, 1500, 600]","[4, 0.1]","[0.03, 0.05]","[60, 60]",1,21,0.5433555841445923,0.46799999475479126
301,"[3072, 1500, 600]","[4, 0.1]","[0.03, 0.05]","[60, 60]",1,22,0.5380222201347351,0.45980000495910645
302,"[3072, 1500, 600]","[4, 0.1]","[0.03, 0.05]","[60, 60]",1,23,0.5457555651664734,0.4702000021934509
303,"[3072, 1500, 600]","[4, 0.1]","[0.03, 0.05]","[60, 60]",1,24,0.551800012588501,0.46380001306533813
304,"[3072, 1500, 600]","[4, 0.1]","[0.03, 0.05]","[60, 60]",1,25,0.5430222153663635,0.4560000002384186
305,"[3072, 1500, 600]","[4, 0.1]","[0.03, 0.05]","[60, 60]",1,26,0.5541333556175232,0.459199994802475
306,"[3072, 1500, 600]","[4, 0.1]","[0.03, 0.05]","[60, 60]",1,27,0.5531555414199829,0.46480000019073486
307,"[3072, 1500, 600]","[4, 0.1]","[0.03, 0.05]","[60, 60]",1,28,0.5571777820587158,0.4713999927043915
308,"[3072, 1500, 600]","[4, 0.1]","[0.03, 0.05]","[60, 60]",1,29,0.5702221989631653,0.46239998936653137
309,"[3072, 800, 300]","[5, 0.07]","[0.1, 0.1]","[30, 35]",1,1,0.23884443938732147,0.2345999926328659
310,"[3072, 800, 300]","[5, 0.07]","[0.1, 0.1]","[30, 35]",1,2,0.31697776913642883,0.3102000057697296
311,"[3072, 800, 300]","[5, 0.07]","[0.1, 0.1]","[30, 35]",1,3,0.3522889018058777,0.34619998931884766
312,"[3072, 800, 300]","[5, 0.07]","[0.1, 0.1]","[30, 35]",1,4,0.3710666596889496,0.35339999198913574
313,"[3072, 800, 300]","[5, 0.07]","[0.1, 0.1]","[30, 35]",1,5,0.38022223114967346,0.36399999260902405
314,"[3072, 800, 300]","[5, 0.07]","[0.1, 0.1]","[30, 35]",1,6,0.40619999170303345,0.3864000141620636
315,"[3072, 800, 300]","[5, 0.07]","[0.1, 0.1]","[30, 35]",1,7,0.4162222146987915,0.3968000113964081
316,"[3072, 800, 300]","[5, 0.07]","[0.1, 0.1]","[30, 35]",1,8,0.4265333414077759,0.4032000005245209
317,"[3072, 800, 300]","[5, 0.07]","[0.1, 0.1]","[30, 35]",1,9,0.43753331899642944,0.41499999165534973
318,"[3072, 800, 300]","[5, 0.07]","[0.1, 0.1]","[30, 35]",1,10,0.4434666633605957,0.41999998688697815
319,"[3072, 800, 300]","[5, 0.07]","[0.1, 0.1]","[30, 35]",1,11,0.45322221517562866,0.42419999837875366
320,"[3072, 800, 300]","[5, 0.07]","[0.1, 0.1]","[30, 35]",1,12,0.45766666531562805,0.4235999882221222
321,"[3072, 800, 300]","[5, 0.07]","[0.1, 0.1]","[30, 35]",1,13,0.46922221779823303,0.4343999922275543
322,"[3072, 800, 300]","[5, 0.07]","[0.1, 0.1]","[30, 35]",1,14,0.4764222204685211,0.4327999949455261
323,"[3072, 800, 300]","[5, 0.07]","[0.1, 0.1]","[30, 35]",1,15,0.4864000082015991,0.45399999618530273
324,"[3072, 800, 300]","[5, 0.07]","[0.1, 0.1]","[30, 35]",1,16,0.486644446849823,0.44519999623298645
325,"[3072, 800, 300]","[5, 0.07]","[0.1, 0.1]","[30, 35]",1,17,0.48811110854148865,0.4390000104904175
326,"[3072, 800, 300]","[5, 0.07]","[0.1, 0.1]","[30, 35]",1,18,0.5036888718605042,0.45579999685287476
327,"[3072, 800, 300]","[5, 0.07]","[0.1, 0.1]","[30, 35]",1,19,0.49559998512268066,0.45239999890327454
328,"[3072, 800, 300]","[5, 0.07]","[0.1, 0.1]","[30, 35]",1,20,0.5092889070510864,0.45820000767707825
329,"[3072, 800, 300]","[5, 0.07]","[0.1, 0.1]","[30, 35]",1,21,0.5247777700424194,0.4697999954223633
330,"[3072, 800, 300]","[5, 0.07]","[0.1, 0.1]","[30, 35]",1,22,0.5284222364425659,0.4731999933719635
331,"[3072, 800, 300]","[5, 0.07]","[0.1, 0.1]","[30, 35]",1,23,0.5356000065803528,0.47279998660087585
332,"[3072, 800, 300]","[5, 0.07]","[0.1, 0.1]","[30, 35]",1,24,0.5271333456039429,0.46880000829696655
333,"[3072, 800, 300]","[5, 0.07]","[0.1, 0.1]","[30, 35]",1,25,0.5388666391372681,0.46779999136924744
334,"[3072, 800, 300]","[5, 0.07]","[0.1, 0.1]","[30, 35]",1,26,0.5418000221252441,0.47119998931884766
335,"[3072, 800, 300]","[5, 0.07]","[0.1, 0.1]","[30, 35]",1,27,0.5383111238479614,0.4758000075817108
336,"[3072, 800, 300]","[5, 0.07]","[0.1, 0.1]","[30, 35]",1,28,0.555400013923645,0.48500001430511475
337,"[3072, 800, 300]","[5, 0.07]","[0.1, 0.1]","[30, 35]",1,29,0.565155565738678,0.4790000021457672
338,"[3072, 800, 300]","[5, 0.07]","[0.1, 0.1]","[30, 35]",1,30,0.5629333257675171,0.47999998927116394
339,"[3072, 800, 300]","[5, 0.07]","[0.1, 0.1]","[30, 35]",1,31,0.5682666897773743,0.4867999851703644
340,"[3072, 800, 300]","[5, 0.07]","[0.1, 0.1]","[30, 35]",1,32,0.5775555372238159,0.48840001225471497
341,"[3072, 800, 300]","[5, 0.07]","[0.1, 0.1]","[30, 35]",1,33,0.5791555643081665,0.4934000074863434
342,"[3072, 800, 300]","[5, 0.07]","[0.1, 0.1]","[30, 35]",1,34,0.5888888835906982,0.49619999527931213
343,"[3072, 2, 2]","[2, 4]","[0.1, 0.5]","[3, 2]",2,1,0.15862222015857697,0.15839999914169312
344,"[3072, 2048, 2048]","[2, 1]","[0.03, 0.1]","[70, 30]",2,1,0.681755542755127,0.4880000054836273
345,"[3072, 2048, 2048]","[2, 1]","[0.03, 0.1]","[70, 30]",2,2,0.6956222057342529,0.4875999987125397
346,"[3072, 2048, 2048]","[2, 1]","[0.03, 0.1]","[70, 30]",2,3,0.7031777501106262,0.48820000886917114
347,"[3072, 2048, 2048]","[2, 1]","[0.03, 0.1]","[70, 30]",2,4,0.7101110816001892,0.4848000109195709
348,"[3072, 2048, 2048]","[2, 1]","[0.03, 0.1]","[70, 30]",2,5,0.7146666646003723,0.4862000048160553
349,"[3072, 2048, 2048]","[2, 1]","[0.03, 0.1]","[70, 30]",2,6,0.7198444604873657,0.4832000136375427
350,"[3072, 2048, 2048]","[2, 1]","[0.03, 0.1]","[70, 30]",2,7,0.7253111004829407,0.48420000076293945
351,"[3072, 2048, 2048]","[2, 1]","[0.03, 0.1]","[70, 30]",2,8,0.7303333282470703,0.4830000102519989
352,"[3072, 2048, 2048]","[2, 1]","[0.03, 0.1]","[70, 30]",2,9,0.7353110909461975,0.4812000095844269
353,"[3072, 2048, 2048]","[2, 1]","[0.03, 0.1]","[70, 30]",2,10,0.740244448184967,0.4821999967098236
354,"[3072, 2048, 2048]","[2, 1]","[0.03, 0.1]","[70, 30]",2,11,0.7438666820526123,0.4814000129699707
355,"[3072, 2048, 2048]","[2, 1]","[0.03, 0.1]","[70, 30]",2,12,0.7476666569709778,0.47920000553131104
356,"[3072, 2048, 2048]","[2, 1]","[0.03, 0.1]","[70, 30]",2,13,0.7512000203132629,0.47780001163482666
357,"[3072, 2048, 2048]","[2, 1]","[0.03, 0.1]","[70, 30]",2,14,0.7548888921737671,0.47620001435279846
358,"[3072, 2048, 2048]","[2, 1]","[0.03, 0.1]","[70, 30]",2,15,0.7577111124992371,0.4772000014781952
359,"[3072, 2048, 2048]","[2, 1]","[0.03, 0.1]","[70, 30]",2,16,0.7614889144897461,0.47679999470710754
360,"[3072, 2048, 2048]","[2, 1]","[0.03, 0.1]","[70, 30]",2,17,0.7638888955116272,0.47839999198913574
361,"[3072, 2048, 2048]","[2, 1]","[0.03, 0.1]","[70, 30]",2,18,0.7661111354827881,0.47600001096725464
362,"[3072, 2048, 2048]","[2, 1]","[0.03, 0.1]","[70, 30]",2,19,0.7684666514396667,0.4758000075817108
363,"[3072, 2048, 2048]","[2, 1]","[0.03, 0.1]","[70, 30]",2,20,0.7703555822372437,0.47440001368522644
364,"[3072, 2048, 2048]","[2, 1]","[0.03, 0.1]","[70, 30]",2,21,0.771399974822998,0.4745999872684479
365,"[3072, 2048, 2048]","[2, 1]","[0.03, 0.1]","[70, 30]",2,22,0.7726444602012634,0.47279998660087585
366,"[3072, 2048, 2048]","[2, 1]","[0.03, 0.1]","[70, 30]",2,23,0.7743777632713318,0.4742000102996826
367,"[3072, 2048, 2048]","[2, 1]","[0.03, 0.1]","[70, 30]",2,24,0.7748444676399231,0.47360000014305115
368,"[3072, 500, 300]","[3, 5]","[0.03, 0.05]","[70, 40]",2,1,0.583911120891571,0.4691999852657318
369,"[3072, 500, 300]","[3, 5]","[0.03, 0.05]","[70, 40]",2,2,0.6096888780593872,0.4758000075817108
370,"[3072, 500, 300]","[3, 5]","[0.03, 0.05]","[70, 40]",2,3,0.622355580329895,0.4819999933242798
371,"[3072, 500, 300]","[3, 5]","[0.03, 0.05]","[70, 40]",2,4,0.6295333504676819,0.4887999892234802
372,"[3072, 500, 300]","[3, 5]","[0.03, 0.05]","[70, 40]",2,5,0.6356222033500671,0.4909999966621399
373,"[3072, 500, 300]","[3, 5]","[0.03, 0.05]","[70, 40]",2,6,0.6414222121238708,0.49140000343322754
374,"[3072, 500, 300]","[3, 5]","[0.03, 0.05]","[70, 40]",2,7,0.6462000012397766,0.48739999532699585
375,"[3072, 500, 300]","[3, 5]","[0.03, 0.05]","[70, 40]",2,8,0.6505555510520935,0.4862000048160553
376,"[3072, 500, 300]","[3, 5]","[0.03, 0.05]","[70, 40]",2,9,0.6542222499847412,0.48339998722076416
377,"[3072, 500, 300]","[3, 5]","[0.03, 0.05]","[70, 40]",2,10,0.657444417476654,0.48420000076293945
378,"[3072, 500, 300]","[3, 5]","[0.03, 0.05]","[70, 40]",2,11,0.6608222126960754,0.4844000041484833
379,"[3072, 500, 300]","[3, 5]","[0.03, 0.05]","[70, 40]",2,12,0.664377748966217,0.48579999804496765
380,"[3072, 500, 300]","[3, 5]","[0.03, 0.05]","[70, 40]",2,13,0.6677333116531372,0.4832000136375427
381,"[3072, 500, 300]","[3, 5]","[0.03, 0.05]","[70, 40]",2,14,0.6692666411399841,0.48260000348091125
382,"[3072, 500, 300]","[3, 5]","[0.03, 0.05]","[70, 40]",2,15,0.6717555522918701,0.4830000102519989
383,"[3072, 500, 300]","[3, 5]","[0.03, 0.05]","[70, 40]",2,16,0.6729555726051331,0.483599990606308
384,"[3072, 500, 300]","[3, 5]","[0.03, 0.05]","[70, 40]",2,17,0.6757333278656006,0.48179998993873596
385,"[3072, 500, 300]","[3, 5]","[0.03, 0.05]","[70, 40]",2,18,0.6777999997138977,0.4812000095844269
386,"[3072, 500, 300]","[3, 5]","[0.03, 0.05]","[70, 40]",2,19,0.6788444519042969,0.48100000619888306
387,"[3072, 500, 300]","[3, 5]","[0.03, 0.05]","[70, 40]",2,20,0.6799555420875549,0.4796000123023987
388,"[3072, 500, 300]","[3, 5]","[0.03, 0.05]","[70, 40]",2,21,0.6808444261550903,0.4787999987602234
389,"[3072, 500, 300]","[3, 5]","[0.03, 0.05]","[70, 40]",2,22,0.6828222274780273,0.477400004863739
390,"[3072, 500, 300]","[3, 5]","[0.03, 0.05]","[70, 40]",2,23,0.6840222477912903,0.47699999809265137
391,"[3072, 500, 300]","[3, 5]","[0.03, 0.05]","[70, 40]",2,24,0.6849333047866821,0.47600001096725464
392,"[3072, 500, 300]","[3, 5]","[0.03, 0.05]","[70, 40]",2,25,0.6854888796806335,0.47519999742507935
393,"[3072, 500, 300]","[3, 5]","[0.03, 0.05]","[70, 40]",2,26,0.6861555576324463,0.47360000014305115
394,"[3072, 500, 300]","[3, 5]","[0.03, 0.05]","[70, 40]",2,27,0.686644434928894,0.4731999933719635
395,"[3072, 500, 300]","[3, 5]","[0.03, 0.05]","[70, 40]",2,28,0.6871333122253418,0.46959999203681946
396,"[3072, 500, 300]","[3, 5]","[0.03, 0.05]","[70, 40]",2,29,0.6876222491264343,0.46939998865127563
397,"[3072, 500, 300]","[3, 5]","[0.03, 0.05]","[70, 40]",2,30,0.6876888871192932,0.4690000116825104
398,"[3072, 500, 300]","[3, 5]","[0.03, 0.05]","[70, 40]",2,31,0.6884222030639648,0.4675999879837036
399,"[3072, 500, 300]","[3, 5]","[0.03, 0.05]","[70, 40]",2,32,0.6885333061218262,0.46779999136924744
400,"[3072, 500, 300]","[3, 5]","[0.03, 0.05]","[70, 40]",2,33,0.688355565071106,0.46720001101493835
401,"[3072, 500, 300]","[3, 5]","[0.03, 0.05]","[70, 40]",2,34,0.6881555318832397,0.4666000008583069
402,"[3072, 500, 300]","[3, 5]","[0.03, 0.05]","[70, 40]",2,35,0.6881111264228821,0.46619999408721924
403,"[3072, 500, 300]","[3, 5]","[0.03, 0.05]","[70, 40]",2,36,0.6876444220542908,0.4652000069618225
404,"[3072, 1000, 800]","[3, 8]","[0.03, 0.08]","[70, 35]",2,1,0.596822202205658,0.4724000096321106
405,"[3072, 1000, 800]","[3, 8]","[0.03, 0.08]","[70, 35]",2,2,0.6307777762413025,0.4805999994277954
406,"[3072, 1000, 800]","[3, 8]","[0.03, 0.08]","[70, 35]",2,3,0.6465555429458618,0.4837999939918518
407,"[3072, 1000, 800]","[3, 8]","[0.03, 0.08]","[70, 35]",2,4,0.6571111083030701,0.48420000076293945
408,"[3072, 1000, 800]","[3, 8]","[0.03, 0.08]","[70, 35]",2,5,0.6642666459083557,0.48080000281333923
409,"[3072, 1000, 800]","[3, 8]","[0.03, 0.08]","[70, 35]",2,6,0.6700222492218018,0.47999998927116394
410,"[3072, 1000, 800]","[3, 8]","[0.03, 0.08]","[70, 35]",2,7,0.6759555339813232,0.4797999858856201
411,"[3072, 1000, 800]","[3, 8]","[0.03, 0.08]","[70, 35]",2,8,0.6801333427429199,0.47780001163482666
412,"[3072, 1000, 800]","[3, 8]","[0.03, 0.08]","[70, 35]",2,9,0.6836444735527039,0.477400004863739
413,"[3072, 1000, 800]","[3, 8]","[0.03, 0.08]","[70, 35]",2,10,0.6875110864639282,0.4758000075817108
414,"[3072, 1000, 800]","[3, 8]","[0.03, 0.08]","[70, 35]",2,11,0.6911777853965759,0.4787999987602234
415,"[3072, 1000, 800]","[3, 8]","[0.03, 0.08]","[70, 35]",2,12,0.6950222253799438,0.47679999470710754
416,"[3072, 1000, 800]","[3, 8]","[0.03, 0.08]","[70, 35]",2,13,0.6996666789054871,0.47440001368522644
417,"[3072, 1000, 800]","[3, 8]","[0.03, 0.08]","[70, 35]",2,14,0.7036222219467163,0.47859999537467957
418,"[3072, 1000, 800]","[3, 8]","[0.03, 0.08]","[70, 35]",2,15,0.7119555473327637,0.4779999852180481
419,"[3072, 1000, 800]","[3, 8]","[0.03, 0.08]","[70, 35]",2,16,0.7187555432319641,0.47540000081062317
420,"[3072, 1000, 800]","[3, 8]","[0.03, 0.08]","[70, 35]",2,17,0.7224888801574707,0.4772000014781952
421,"[3072, 1000, 800]","[3, 8]","[0.03, 0.08]","[70, 35]",2,18,0.7256222367286682,0.47940000891685486
422,"[3072, 1000, 800]","[3, 8]","[0.03, 0.08]","[70, 35]",2,19,0.7254889011383057,0.4747999906539917
423,"[3072, 1000, 800]","[3, 8]","[0.03, 0.08]","[70, 35]",2,20,0.7265333533287048,0.47380000352859497
424,"[3072, 1000, 800]","[3, 8]","[0.03, 0.08]","[70, 35]",2,21,0.7301777601242065,0.4763999879360199
425,"[3072, 1000, 800]","[3, 8]","[0.03, 0.08]","[70, 35]",2,22,0.7320444583892822,0.4790000021457672
426,"[3072, 1000, 800]","[3, 8]","[0.03, 0.08]","[70, 35]",2,23,0.7299555540084839,0.47839999198913574
427,"[3072, 1000, 800]","[3, 8]","[0.03, 0.08]","[70, 35]",2,24,0.7328222393989563,0.4830000102519989
428,"[3072, 1000, 800]","[3, 8]","[0.03, 0.08]","[70, 35]",2,25,0.7330666780471802,0.47519999742507935
429,"[3072, 1000, 800]","[3, 8]","[0.03, 0.08]","[70, 35]",2,26,0.7344222068786621,0.47279998660087585
430,"[3072, 1000, 800]","[3, 8]","[0.03, 0.08]","[70, 35]",2,27,0.7355333566665649,0.47760000824928284
431,"[3072, 1000, 800]","[3, 8]","[0.03, 0.08]","[70, 35]",2,28,0.7364000082015991,0.4740000069141388
432,"[3072, 1000, 800]","[3, 8]","[0.03, 0.08]","[70, 35]",2,29,0.7358666658401489,0.4781999886035919
433,"[3072, 100, 500]","[1, 1]","[0.1, 0.1]","[40, 30]",2,1,0.38271111249923706,0.34200000762939453
434,"[3072, 100, 500]","[1, 1]","[0.1, 0.1]","[40, 30]",2,2,0.3858666718006134,0.3431999981403351
435,"[3072, 100, 500]","[1, 1]","[0.1, 0.1]","[40, 30]",2,3,0.3873555660247803,0.34220001101493835
436,"[3072, 100, 500]","[1, 1]","[0.1, 0.1]","[40, 30]",2,4,0.3884444534778595,0.3452000021934509
437,"[3072, 100, 500]","[1, 1]","[0.1, 0.1]","[40, 30]",2,5,0.38928890228271484,0.3479999899864197
438,"[3072, 100, 500]","[1, 1]","[0.1, 0.1]","[40, 30]",2,6,0.3903111219406128,0.3483999967575073
439,"[3072, 100, 500]","[1, 1]","[0.1, 0.1]","[40, 30]",2,7,0.3909333348274231,0.34880000352859497
440,"[3072, 100, 500]","[1, 1]","[0.1, 0.1]","[40, 30]",2,8,0.39144444465637207,0.35019999742507935
441,"[3072, 100, 500]","[1, 1]","[0.1, 0.1]","[40, 30]",2,9,0.39177778363227844,0.35040000081062317
442,"[3072, 100, 500]","[1, 1]","[0.1, 0.1]","[40, 30]",2,10,0.3921111226081848,0.35179999470710754
443,"[3072, 100, 500]","[1, 1]","[0.1, 0.1]","[40, 30]",2,11,0.39268890023231506,0.3522000014781952
444,"[3072, 100, 500]","[1, 1]","[0.1, 0.1]","[40, 30]",2,12,0.3930888772010803,0.35339999198913574
445,"[3072, 100, 500]","[1, 1]","[0.1, 0.1]","[40, 30]",2,13,0.3934222161769867,0.3531999886035919
446,"[3072, 100, 500]","[1, 1]","[0.1, 0.1]","[40, 30]",2,14,0.393533319234848,0.35359999537467957
447,"[3072, 100, 500]","[1, 1]","[0.1, 0.1]","[40, 30]",2,15,0.3934444487094879,0.3529999852180481
448,"[3072, 100, 500]","[1, 1]","[0.1, 0.1]","[40, 30]",2,16,0.39402222633361816,0.3553999960422516
449,"[3072, 100, 500]","[1, 1]","[0.1, 0.1]","[40, 30]",2,17,0.39426666498184204,0.35499998927116394
450,"[3072, 500, 100, 10]","[1, 0.5, 0.1]","[0.1, 0.05, 0.1]","[50, 50, 30]",2,1,0.5618000030517578,0.4269999861717224
451,"[3072, 500, 100, 10]","[1, 0.5, 0.1]","[0.1, 0.05, 0.1]","[50, 50, 30]",2,2,0.5638444423675537,0.4284000098705292
452,"[3072, 500, 100, 10]","[1, 0.5, 0.1]","[0.1, 0.05, 0.1]","[50, 50, 30]",2,3,0.5665555596351624,0.43320000171661377
453,"[3072, 500, 100, 10]","[1, 0.5, 0.1]","[0.1, 0.05, 0.1]","[50, 50, 30]",2,4,0.5680222511291504,0.43299999833106995
454,"[3072, 500, 100, 10]","[1, 0.5, 0.1]","[0.1, 0.05, 0.1]","[50, 50, 30]",2,5,0.5690666437149048,0.43479999899864197
455,"[3072, 500, 100, 10]","[1, 0.5, 0.1]","[0.1, 0.05, 0.1]","[50, 50, 30]",2,6,0.5699333548545837,0.4336000084877014
456,"[3072, 500, 100, 10]","[1, 0.5, 0.1]","[0.1, 0.05, 0.1]","[50, 50, 30]",2,7,0.5707555413246155,0.43380001187324524
457,"[3072, 500, 100, 10]","[1, 0.5, 0.1]","[0.1, 0.05, 0.1]","[50, 50, 30]",2,8,0.5715555548667908,0.4334000051021576
458,"[3072, 500, 100, 10]","[1, 0.5, 0.1]","[0.1, 0.05, 0.1]","[50, 50, 30]",2,9,0.5720666646957397,0.4325999915599823
459,"[3072, 500, 100, 10]","[1, 0.5, 0.1]","[0.1, 0.05, 0.1]","[50, 50, 30]",2,10,0.5726000070571899,0.4339999854564667
460,"[3072, 500, 100, 10]","[1, 0.5, 0.1]","[0.1, 0.05, 0.1]","[50, 50, 30]",2,11,0.5732666850090027,0.4327999949455261
461,"[3072, 500, 100, 10]","[1, 0.5, 0.1]","[0.1, 0.05, 0.1]","[50, 50, 30]",2,12,0.5736666917800903,0.43140000104904175
462,"[3072, 500, 100, 10]","[1, 0.5, 0.1]","[0.1, 0.05, 0.1]","[50, 50, 30]",2,13,0.5743555426597595,0.42980000376701355
463,"[3072, 500, 100, 10]","[1, 0.5, 0.1]","[0.1, 0.05, 0.1]","[50, 50, 30]",2,14,0.5745333433151245,0.4296000003814697
464,"[3072, 500, 100, 10]","[1, 0.5, 0.1]","[0.1, 0.05, 0.1]","[50, 50, 30]",2,15,0.5742444396018982,0.4293999969959259
465,"[3072, 500, 100, 10]","[1, 0.5, 0.1]","[0.1, 0.05, 0.1]","[50, 50, 30]",2,16,0.5744222402572632,0.4307999908924103
466,"[3072, 500, 100, 10]","[1, 0.5, 0.1]","[0.1, 0.05, 0.1]","[50, 50, 30]",2,17,0.5746889114379883,0.4311999976634979
467,"[3072, 500, 100, 10]","[1, 0.5, 0.1]","[0.1, 0.05, 0.1]","[50, 50, 30]",2,18,0.5746222138404846,0.43160000443458557
468,"[3072, 500, 100, 10]","[1, 0.5, 0.1]","[0.1, 0.05, 0.1]","[50, 50, 30]",2,19,0.5745555758476257,0.4302000105381012
469,"[3072, 500, 100, 10]","[1, 0.5, 0.1]","[0.1, 0.05, 0.1]","[50, 50, 30]",2,20,0.5743333101272583,0.430400013923645
470,"[3072, 500, 100, 10]","[1, 0.5, 0.1]","[0.1, 0.05, 0.1]","[50, 50, 30]",2,21,0.5741333365440369,0.43059998750686646
471,"[3072, 500, 100, 10]","[1, 0.5, 0.1]","[0.1, 0.05, 0.1]","[50, 50, 30]",2,22,0.5743777751922607,0.4318000078201294
472,"[3072, 500, 100, 10]","[1, 0.5, 0.1]","[0.1, 0.05, 0.1]","[50, 50, 30]",2,23,0.5738666653633118,0.4320000112056732
473,"[3072, 500, 100, 10]","[1, 0.5, 0.1]","[0.1, 0.05, 0.1]","[50, 50, 30]",2,24,0.5735999941825867,0.43220001459121704
474,"[3072, 1500, 600]","[4, 0.1]","[0.03, 0.05]","[60, 60]",2,1,0.5595999956130981,0.4553999900817871
475,"[3072, 1500, 600]","[4, 0.1]","[0.03, 0.05]","[60, 60]",2,2,0.5639111399650574,0.460999995470047
476,"[3072, 1500, 600]","[4, 0.1]","[0.03, 0.05]","[60, 60]",2,3,0.5655778050422668,0.4634000062942505
477,"[3072, 1500, 600]","[4, 0.1]","[0.03, 0.05]","[60, 60]",2,4,0.5672666430473328,0.4652000069618225
478,"[3072, 1500, 600]","[4, 0.1]","[0.03, 0.05]","[60, 60]",2,5,0.5687999725341797,0.46560001373291016
479,"[3072, 1500, 600]","[4, 0.1]","[0.03, 0.05]","[60, 60]",2,6,0.571577787399292,0.4659999907016754
480,"[3072, 1500, 600]","[4, 0.1]","[0.03, 0.05]","[60, 60]",2,7,0.5729110836982727,0.46320000290870667
481,"[3072, 1500, 600]","[4, 0.1]","[0.03, 0.05]","[60, 60]",2,8,0.5738666653633118,0.462799996137619
482,"[3072, 1500, 600]","[4, 0.1]","[0.03, 0.05]","[60, 60]",2,9,0.5743333101272583,0.46380001306533813
483,"[3072, 1500, 600]","[4, 0.1]","[0.03, 0.05]","[60, 60]",2,10,0.5737777948379517,0.46140000224113464
484,"[3072, 1500, 600]","[4, 0.1]","[0.03, 0.05]","[60, 60]",2,11,0.5742444396018982,0.4603999853134155
485,"[3072, 1500, 600]","[4, 0.1]","[0.03, 0.05]","[60, 60]",2,12,0.5742889046669006,0.4593999981880188
486,"[3072, 1500, 600]","[4, 0.1]","[0.03, 0.05]","[60, 60]",2,13,0.5749333500862122,0.4578000009059906
487,"[3072, 1500, 600]","[4, 0.1]","[0.03, 0.05]","[60, 60]",2,14,0.5747110843658447,0.45579999685287476
488,"[3072, 1500, 600]","[4, 0.1]","[0.03, 0.05]","[60, 60]",2,15,0.5758444666862488,0.45559999346733093
489,"[3072, 1500, 600]","[4, 0.1]","[0.03, 0.05]","[60, 60]",2,16,0.5758222341537476,0.45680001378059387
490,"[3072, 1500, 600]","[4, 0.1]","[0.03, 0.05]","[60, 60]",2,17,0.5753333568572998,0.4562000036239624
491,"[3072, 1500, 600]","[4, 0.1]","[0.03, 0.05]","[60, 60]",2,18,0.5753999948501587,0.4551999866962433
492,"[3072, 1500, 600]","[4, 0.1]","[0.03, 0.05]","[60, 60]",2,19,0.5744444727897644,0.45500001311302185
493,"[3072, 1500, 600]","[4, 0.1]","[0.03, 0.05]","[60, 60]",2,20,0.5739333629608154,0.4535999894142151
494,"[3072, 1500, 600]","[4, 0.1]","[0.03, 0.05]","[60, 60]",2,21,0.5729333162307739,0.45260000228881836
495,"[3072, 1500, 600]","[4, 0.1]","[0.03, 0.05]","[60, 60]",2,22,0.5722888708114624,0.453000009059906
496,"[3072, 1500, 600]","[4, 0.1]","[0.03, 0.05]","[60, 60]",2,23,0.5718666911125183,0.45159998536109924
497,"[3072, 1500, 600]","[4, 0.1]","[0.03, 0.05]","[60, 60]",2,24,0.5716000199317932,0.44999998807907104
498,"[3072, 1500, 600]","[4, 0.1]","[0.03, 0.05]","[60, 60]",2,25,0.5713333487510681,0.4503999948501587
499,"[3072, 1500, 600]","[4, 0.1]","[0.03, 0.05]","[60, 60]",2,26,0.5692889094352722,0.45080000162124634
500,"[3072, 1500, 600]","[4, 0.1]","[0.03, 0.05]","[60, 60]",2,27,0.5685555338859558,0.4505999982357025
501,"[3072, 1500, 600]","[4, 0.1]","[0.03, 0.05]","[60, 60]",2,28,0.5676000118255615,0.45019999146461487
502,"[3072, 1500, 600]","[4, 0.1]","[0.03, 0.05]","[60, 60]",2,29,0.5666221976280212,0.4490000009536743
503,"[3072, 1500, 600]","[4, 0.1]","[0.03, 0.05]","[60, 60]",2,30,0.5658222436904907,0.4472000002861023
504,"[3072, 1500, 600]","[4, 0.1]","[0.03, 0.05]","[60, 60]",2,31,0.5643777847290039,0.44440001249313354
505,"[3072, 1500, 600]","[4, 0.1]","[0.03, 0.05]","[60, 60]",2,32,0.5632444620132446,0.4431999921798706
506,"[3072, 1500, 600]","[4, 0.1]","[0.03, 0.05]","[60, 60]",2,33,0.5618444681167603,0.44200000166893005
507,"[3072, 500, 100, 10]","[1, 0.5, 0.1]","[0.1, 0.05, 0.1]","[50, 50, 30]",3,1,0.5580222010612488,0.4214000105857849
508,"[3072, 500, 100, 10]","[1, 0.5, 0.1]","[0.1, 0.05, 0.1]","[50, 50, 30]",3,2,0.5569333434104919,0.4205999970436096
509,"[3072, 500, 100, 10]","[1, 0.5, 0.1]","[0.1, 0.05, 0.1]","[50, 50, 30]",3,3,0.5564000010490417,0.41940000653266907
510,"[3072, 500, 100, 10]","[1, 0.5, 0.1]","[0.1, 0.05, 0.1]","[50, 50, 30]",3,4,0.5562222003936768,0.41780000925064087
511,"[3072, 500, 100, 10]","[1, 0.5, 0.1]","[0.1, 0.05, 0.1]","[50, 50, 30]",3,5,0.5544000267982483,0.41760000586509705
512,"[3072, 500, 100, 10]","[1, 0.5, 0.1]","[0.1, 0.05, 0.1]","[50, 50, 30]",3,6,0.5537999868392944,0.41659998893737793
513,"[3072, 500, 100, 10]","[1, 0.5, 0.1]","[0.1, 0.05, 0.1]","[50, 50, 30]",3,7,0.5534889101982117,0.4163999855518341
514,"[3072, 500, 100, 10]","[1, 0.5, 0.1]","[0.1, 0.05, 0.1]","[50, 50, 30]",3,8,0.5523333549499512,0.415800005197525
515,"[3072, 500, 100, 10]","[1, 0.5, 0.1]","[0.1, 0.05, 0.1]","[50, 50, 30]",3,9,0.5518444180488586,0.41519999504089355
516,"[3072, 500, 100, 10]","[1, 0.5, 0.1]","[0.1, 0.05, 0.1]","[50, 50, 30]",3,10,0.5512666702270508,0.4153999984264374
517,"[3072, 500, 100, 10]","[1, 0.5, 0.1]","[0.1, 0.05, 0.1]","[50, 50, 30]",3,11,0.5510888695716858,0.41620001196861267
518,"[3072, 500, 100, 10]","[1, 0.5, 0.1]","[0.1, 0.05, 0.1]","[50, 50, 30]",3,12,0.5507333278656006,0.4171999990940094
519,"[3072, 500, 100, 10]","[1, 0.5, 0.1]","[0.1, 0.05, 0.1]","[50, 50, 30]",3,13,0.5509333610534668,0.4180000126361847
520,"[3072, 500, 100, 10]","[1, 0.5, 0.1]","[0.1, 0.05, 0.1]","[50, 50, 30]",3,14,0.5506888628005981,0.4185999929904938
521,"[3072, 500, 100, 10]","[1, 0.5, 0.1]","[0.1, 0.05, 0.1]","[50, 50, 30]",3,15,0.5506444573402405,0.4189999997615814
522,"[3072, 500, 100, 10]","[1, 0.5, 0.1]","[0.1, 0.05, 0.1]","[50, 50, 30]",3,16,0.5504666566848755,0.42100000381469727
523,"[3072, 500, 100, 10]","[1, 0.5, 0.1]","[0.1, 0.05, 0.1]","[50, 50, 30]",3,17,0.5500666499137878,0.42080000042915344
524,"[3072, 500, 100, 10]","[1, 0.5, 0.1]","[0.1, 0.05, 0.1]","[50, 50, 30]",3,18,0.5506666898727417,0.4203999936580658
525,"[3072, 500, 100, 10]","[1, 0.5, 0.1]","[0.1, 0.05, 0.1]","[50, 50, 30]",3,19,0.5503555536270142,0.4212000072002411
526,"[3072, 500, 100, 10]","[1, 0.5, 0.1]","[0.1, 0.05, 0.1]","[50, 50, 30]",3,20,0.550000011920929,0.41999998688697815
